label,precision,recall,f1,support
BACK,1.0,1.0,1.0,3
DOWN,1.0,1.0,1.0,2
FORWARD,1.0,1.0,1.0,3
HOVER,1.0,1.0,1.0,2
LAND,1.0,0.5,0.6666666666666666,2
LEFT,0.6666666666666666,1.0,0.8,2
RIGHT,1.0,0.5,0.6666666666666666,2
TAKEOFF,0.5,1.0,0.6666666666666666,2
UP,1.0,0.6666666666666666,0.8,3
